title,location
Senior English - Financial District,Hyderābād
Hair stylists,Hyderābād
Speech Language Pathologist/Speech Therapist,Hyderābād
Customer Service Representative,Hyderābād
Telesales Executive(Only Female),Hyderābād
Business Development Officer,Hyderābād
Computer Operator,Hyderābād
non voice process freshers,Hyderābād
Dental Assistant,Hyderābād
Telecaller,Hyderābād
Sales and Service engineer,Hyderābād
Tele Caller Executive(only female),Hyderābād
CCTV Technician,Hyderābād
Facility Executive,India
Hindi Teacher,India
IP Billing in Hospital (Male),Hyderābād
Registrar,Hyderābād
"Relationship Manager, Retail Banking(Minimum 2 Years Work Experience)",Hyderābād
HR,Hyderābād
Female Personal Secretary,Hyderābād
Social Media Intern,Hyderābād
Administrative Manager,Hyderābād
Client Service Officer,Hyderābād
Bus Captain,Hyderābād
Clinical Research Coordinator,Hyderābād
Skating Coach -Female,Hyderābād
Jr. Software Engineer,Hyderābād
Learning Associate | WFH,Hyderābād
Data Entry Operator/Computer Operator,Hyderābād
Front office executive,Hyderābād
